<ImportExportXml xmlns:xsi="http://www.w3.org/2001/XMLSchema-instance">
  <Entities></Entities>
  <Roles></Roles>
  <Workflows>
    <Workflow WorkflowId="{6dc7e569-19ed-40d8-92d4-9aa0a9ae4379}" Name="Enter an invoice">
      <JsonFileName>/Workflows/Enteraninvoice-6DC7E569-19ED-40D8-92D4-9AA0A9AE4379.json</JsonFileName>
      <Type>1</Type>
      <Subprocess>0</Subprocess>
      <Category>6</Category>
      <Mode>0</Mode>
      <Scope>4</Scope>
      <OnDemand>0</OnDemand>
      <TriggerOnCreate>0</TriggerOnCreate>
      <TriggerOnDelete>0</TriggerOnDelete>
      <AsyncAutodelete>0</AsyncAutodelete>
      <SyncWorkflowLogOnFailure>0</SyncWorkflowLogOnFailure>
      <StateCode>1</StateCode>
      <StatusCode>2</StatusCode>
      <RunAs>1</RunAs>
      <IsTransacted>1</IsTransacted>
      <IntroducedVersion>1.0</IntroducedVersion>
      <IsCustomizable>1</IsCustomizable>
      <UIFlowType>2</UIFlowType>
      <IsCustomProcessingStepAllowedForOtherPublishers>1</IsCustomProcessingStepAllowedForOtherPublishers>
      <Metadata>{"isvalid":true,"schemaVersion":"ROBIN_20211012","containsActiveConnections":false}</Metadata>
      <Inputs>{"schema":{"properties":{"Amount":{"default":"","description":"Amount","format":null,"title":"Amount","type":"string","value":"$500"},"Contact":{"default":"","description":"Conatct email","format":null,"title":"Contact","type":"string","value":"b.friday@wingtipcup.com"},"Account":{"default":"","description":"Account Name","format":null,"title":"Account Name","type":"string","value":"WingTip Cups"}},"type":"object"}}</Inputs>
      <Outputs>{"schema":{"properties":{"InvoiceID":{"default":"","description":"InvoiceID","format":null,"title":"InvoiceID","type":"string","value":null}},"type":"object"}}</Outputs>
      <Dependencies>{"childFlows":[]}</Dependencies>
      <ConnectionReferences>[]</ConnectionReferences>
      <Definition>"@@ConnectionString: ''\r\n@@Type: 'Local'\r\n@@DesktopType: 'local'\r\n@@DisplayName: 'Local computer'\r\nIMPORT 'controlRepo.appmask' AS appmask\r\nIMPORT 'imageRepo.imgrepo' AS imgrepo\r\n@SENSITIVE: []\r\n@INPUT Amount : { 'Description': 'Amount', 'FriendlyName': 'Amount', 'DefaultValue': '$500', 'Type': 'String' } \r\n@INPUT Contact : { 'Description': 'Conatct email', 'FriendlyName': 'Contact', 'DefaultValue': 'b.friday@wingtipcup.com', 'Type': 'String' } \r\n@INPUT Account : { 'Description': 'Account Name', 'FriendlyName': 'Account Name', 'DefaultValue': 'WingTip Cups', 'Type': 'String' } \r\n@OUTPUT InvoiceID : { 'Description': 'InvoiceID', 'FriendlyName': 'InvoiceID', 'Type': 'String' } \r\nSystem.RunApplication.RunApplication ApplicationPath: $'''C:\\\\Program Files (x86)\\\\Contoso, Inc\\\\Contoso Invoicing\\\\LegacyInvoicingApp.exe''' WindowStyle: System.ProcessWindowStyle.Normal ProcessId=&gt; AppProcessId\r\n# Start of autogenerated actions using the recorder\r\n@@source: 'Recorder'\r\nUIAutomation.Click Element: appmask['Window \\'Contoso Invoicing\\'']['Text \\'Invoices\\''] ClickType: UIAutomation.ClickType.LeftClick OffsetX: -7 OffsetY: -1 MousePositionRelativeToElement: UIAutomation.RectangleEdgePoint.MiddleRight\r\n@@source: 'Recorder'\r\nUIAutomation.Click Element: appmask['Window \\'Contoso Invoicing\\'']['Image \\'Image\\''] ClickType: UIAutomation.ClickType.LeftClick OffsetX: 1 OffsetY: 4 MousePositionRelativeToElement: UIAutomation.RectangleEdgePoint.TopCenter\r\n@@source: 'Recorder'\r\nUIAutomation.Click Element: appmask['Window \\'Contoso Invoicing\\'']['Edit \\'TextBox\\''] ClickType: UIAutomation.ClickType.LeftClick OffsetX: -20 OffsetY: -1 MousePositionRelativeToElement: UIAutomation.RectangleEdgePoint.MiddleCenter\r\nUIAutomation.PopulateTextField TextField: appmask['Window \\'Contoso Invoicing\\'']['Edit \\'TextBox\\' 2'] Text: Account Mode: UIAutomation.PopulateTextMode.Replace ClickType: UIAutomation.PopulateMouseClickType.SingleClick\r\nUIAutomation.PopulateTextField TextField: appmask['Window \\'Contoso Invoicing\\'']['Edit \\'TextBox\\' 3'] Text: Contact Mode: UIAutomation.PopulateTextMode.Replace ClickType: UIAutomation.PopulateMouseClickType.SingleClick\r\nUIAutomation.PopulateTextField TextField: appmask['Window \\'Contoso Invoicing\\'']['Edit \\'TextBox\\' 4'] Text: Amount Mode: UIAutomation.PopulateTextMode.Replace ClickType: UIAutomation.PopulateMouseClickType.SingleClick\r\n@@source: 'Recorder'\r\nUIAutomation.SetDropDownListValueInWindow.SetDropDownListValueByName DropDownList: appmask['Window \\'Contoso Invoicing\\'']['Combo Box \\'ComboBox\\''] OptionsNames: 'Invoiced'\r\n@@source: 'Recorder'\r\nUIAutomation.Click Element: appmask['Window \\'Contoso Invoicing\\'']['Image \\'Image\\' 2'] ClickType: UIAutomation.ClickType.LeftClick OffsetX: 1 OffsetY: -1 MousePositionRelativeToElement: UIAutomation.RectangleEdgePoint.MiddleCenter\r\n# End of autogenerated actions using the recorder\r\nUIAutomation.GetElementDetails Element: appmask['Window \\'Contoso Invoicing\\'']['Text \\'1005\\''] AttributeName: $'''Own Text''' AttributeValue=&gt; AttributeValue\r\nSET InvoiceID TO AttributeValue\r\n"</Definition>
      <SchemaVersion>2022.06</SchemaVersion>
      <PrimaryEntity>none</PrimaryEntity>
      <LocalizedNames>
        <LocalizedName languagecode="1033" description="Enter an invoice" />
      </LocalizedNames>
    </Workflow>
    <Workflow WorkflowId="{73d44ec2-0bb2-ed11-83fe-0022482acace}" Name="Manual trigger desktop flow to enter invoice">
      <JsonFileName>/Workflows/Manualtriggerdesktopflowtoenterinvoice-73D44EC2-0BB2-ED11-83FE-0022482ACACE.json</JsonFileName>
      <Type>1</Type>
      <Subprocess>0</Subprocess>
      <Category>5</Category>
      <Mode>0</Mode>
      <Scope>4</Scope>
      <OnDemand>0</OnDemand>
      <TriggerOnCreate>0</TriggerOnCreate>
      <TriggerOnDelete>0</TriggerOnDelete>
      <AsyncAutodelete>0</AsyncAutodelete>
      <SyncWorkflowLogOnFailure>0</SyncWorkflowLogOnFailure>
      <StateCode>1</StateCode>
      <StatusCode>2</StatusCode>
      <RunAs>1</RunAs>
      <IsTransacted>1</IsTransacted>
      <IntroducedVersion>1.0.0.2</IntroducedVersion>
      <IsCustomizable>1</IsCustomizable>
      <BusinessProcessType>0</BusinessProcessType>
      <IsCustomProcessingStepAllowedForOtherPublishers>1</IsCustomProcessingStepAllowedForOtherPublishers>
      <PrimaryEntity>none</PrimaryEntity>
      <LocalizedNames>
        <LocalizedName languagecode="1033" description="Manual trigger desktop flow to enter invoice" />
      </LocalizedNames>
    </Workflow>
    <Workflow WorkflowId="{1ab84474-18b2-ed11-83fe-0022482acace}" Name="Use Outlook email to trigger Desktop flow">
      <JsonFileName>/Workflows/UseOutlookemailtotriggerDesktopflow-1AB84474-18B2-ED11-83FE-0022482ACACE.json</JsonFileName>
      <Type>1</Type>
      <Subprocess>0</Subprocess>
      <Category>5</Category>
      <Mode>0</Mode>
      <Scope>4</Scope>
      <OnDemand>0</OnDemand>
      <TriggerOnCreate>0</TriggerOnCreate>
      <TriggerOnDelete>0</TriggerOnDelete>
      <AsyncAutodelete>0</AsyncAutodelete>
      <SyncWorkflowLogOnFailure>0</SyncWorkflowLogOnFailure>
      <StateCode>1</StateCode>
      <StatusCode>2</StatusCode>
      <RunAs>1</RunAs>
      <IsTransacted>1</IsTransacted>
      <IntroducedVersion>1.0.0.3</IntroducedVersion>
      <IsCustomizable>1</IsCustomizable>
      <BusinessProcessType>0</BusinessProcessType>
      <IsCustomProcessingStepAllowedForOtherPublishers>1</IsCustomProcessingStepAllowedForOtherPublishers>
      <PrimaryEntity>none</PrimaryEntity>
      <LocalizedNames>
        <LocalizedName languagecode="1033" description="Use Outlook email to trigger Desktop flow" />
      </LocalizedNames>
    </Workflow>
  </Workflows>
  <FieldSecurityProfiles></FieldSecurityProfiles>
  <Templates />
  <EntityMaps />
  <EntityRelationships />
  <OrganizationSettings />
  <optionsets />
  <CustomControls />
  <EntityDataProviders />
  <connectionreferences>
    <connectionreference connectionreferencelogicalname="cr27d_sharedoffice365_047ed">
      <connectionreferencedisplayname>Office 365 Outlook InvoiceprocessingsolutionFirstLast-047ed</connectionreferencedisplayname>
      <connectorid>/providers/Microsoft.PowerApps/apis/shared_office365</connectorid>
      <iscustomizable>1</iscustomizable>
      <statecode>0</statecode>
      <statuscode>1</statuscode>
    </connectionreference>
    <connectionreference connectionreferencelogicalname="cr27d_shareduiflow_9eea6">
      <connectionreferencedisplayname>Desktop flows InvoiceprocessingsolutionFirstLast-9eea6</connectionreferencedisplayname>
      <connectorid>/providers/Microsoft.PowerApps/apis/shared_uiflow</connectorid>
      <iscustomizable>1</iscustomizable>
      <statecode>0</statecode>
      <statuscode>1</statuscode>
    </connectionreference>
  </connectionreferences>
  <Languages>
    <Language>1033</Language>
  </Languages>
</ImportExportXml>