{
  "properties": {
    "connectionReferences": {
      "shared_commondataserviceforapps": {
        "runtimeSource": "embedded",
        "connection": {
          "connectionReferenceLogicalName": "cr27d_sharedcommondataserviceforapps_3b49c"
        },
        "api": {
          "name": "shared_commondataserviceforapps"
        }
      },
      "shared_teams": {
        "runtimeSource": "embedded",
        "connection": {
          "connectionReferenceLogicalName": "cr27d_sharedteams_7311e"
        },
        "api": {
          "name": "shared_teams"
        }
      },
      "shared_uiflow_2": {
        "runtimeSource": "embedded",
        "connection": {
          "connectionReferenceLogicalName": "cr27d_shareduiflow_4d70d"
        },
        "api": {
          "name": "shared_uiflow"
        }
      },
      "shared_office365": {
        "runtimeSource": "embedded",
        "connection": {
          "connectionReferenceLogicalName": "cr27d_sharedoffice365_047ed"
        },
        "api": {
          "name": "shared_office365"
        }
      }
    },
    "definition": {
      "$schema": "https://schema.management.azure.com/providers/Microsoft.Logic/schemas/2016-06-01/workflowdefinition.json#",
      "contentVersion": "1.0.0.0",
      "parameters": {
        "$connections": {
          "defaultValue": {},
          "type": "Object"
        },
        "$authentication": {
          "defaultValue": {},
          "type": "SecureObject"
        }
      },
      "triggers": {
        "When_a_new_email_arrives_(V3)": {
          "splitOn": "@triggerOutputs()?['body/value']",
          "metadata": {
            "operationMetadataId": "e62112db-f841-4976-ad99-a4ecb3c0fa3b"
          },
          "type": "OpenApiConnectionNotification",
          "inputs": {
            "host": {
              "connectionName": "shared_office365",
              "operationId": "OnNewEmailV3",
              "apiId": "/providers/Microsoft.PowerApps/apis/shared_office365"
            },
            "parameters": {
              "folderPath": "Inbox",
              "includeAttachments": true,
              "subjectFilter": "new invoice",
              "importance": "Any",
              "fetchOnlyWithAttachment": true
            },
            "authentication": "@parameters('$authentication')"
          }
        }
      },
      "actions": {
        "Apply_to_each": {
          "foreach": "@triggerOutputs()?['body/attachments']",
          "actions": {
            "Extract_information_from_documents": {
              "runAfter": {},
              "metadata": {
                "operationMetadataId": "da4347cf-bc01-4fd0-9fe3-9455e45528a6",
                "flowSystemMetadata": {
                  "portalOperationId": "aibuilderpredict_formsprocessing",
                  "portalOperationGroup": "aibuilder",
                  "portalOperationApiDisplayNameOverride": "AI Builder",
                  "portalOperationIconOverride": "https://content.powerapps.com/resource/makerx/static/pauto/images/designeroperations/aiBuilderNew.51dbdb6b.png",
                  "portalOperationBrandColorOverride": "#0A76C4",
                  "portalOperationApiTierOverride": "Standard"
                }
              },
              "type": "OpenApiConnection",
              "inputs": {
                "host": {
                  "connectionName": "shared_commondataserviceforapps",
                  "operationId": "aibuilderpredict_formsprocessing",
                  "apiId": "/providers/Microsoft.PowerApps/apis/shared_commondataserviceforapps"
                },
                "parameters": {
                  "recordId": "fbe12c6b-b8e3-4e74-91f6-266128b7f273",
                  "item/requestv2/mimeType": "image/jpeg",
                  "item/requestv2/base64Encoded": "@items('Apply_to_each')?['contentBytes']"
                },
                "authentication": "@parameters('$authentication')"
              }
            },
            "Post_a_choice_of_options_as_the_Flow_bot_to_a_user": {
              "runAfter": {
                "Extract_information_from_documents": [
                  "Succeeded"
                ]
              },
              "metadata": {
                "operationMetadataId": "bb3eef77-b906-452d-aabe-b061bd6468a6"
              },
              "type": "OpenApiConnectionWebhook",
              "inputs": {
                "host": {
                  "connectionName": "shared_teams",
                  "operationId": "SubscribeUserMessageWithOptions",
                  "apiId": "/providers/Microsoft.PowerApps/apis/shared_teams"
                },
                "parameters": {
                  "UserMessageWithOptionsSubscriptionRequest/body/options": [
                    "Yes",
                    "No"
                  ],
                  "UserMessageWithOptionsSubscriptionRequest/body/recipient/to": "FirstLast@RPALearn572.onmicrosoft.com;",
                  "UserMessageWithOptionsSubscriptionRequest/body/messageBody": "We have received an invoice with amount of @{outputs('Extract_information_from_documents')?['body/responsev2/predictionOutput/labels/Total/value']}, for the date of @{outputs('Extract_information_from_documents')?['body/responsev2/predictionOutput/labels/Date/value']}. Contact person is @{outputs('Extract_information_from_documents')?['body/responsev2/predictionOutput/labels/Contact/value']}. Would you like to approve this?",
                  "UserMessageWithOptionsSubscriptionRequest/body/messageTitle": "Please approve this invoice."
                },
                "authentication": "@parameters('$authentication')"
              }
            },
            "Condition": {
              "actions": {
                "Run_a_flow_built_with_Power_Automate_for_desktop_2": {
                  "runAfter": {},
                  "metadata": {
                    "operationMetadataId": "c5252fb4-5ea1-4c69-896e-84db02073085"
                  },
                  "type": "OpenApiConnection",
                  "inputs": {
                    "host": {
                      "connectionName": "shared_uiflow_2",
                      "operationId": "RunUIFlow_V2",
                      "apiId": "/providers/Microsoft.PowerApps/apis/shared_uiflow"
                    },
                    "parameters": {
                      "uiFlowId": "6dc7e569-19ed-40d8-92d4-9aa0a9ae4379",
                      "runMode": "attended",
                      "item/Amount": "$200",
                      "item/Contact": "b.friday@wingtipcups.com",
                      "item/Account": "WingTip Cups"
                    },
                    "authentication": "@parameters('$authentication')"
                  }
                },
                "Reply_to_email_(V3)": {
                  "runAfter": {
                    "Run_a_flow_built_with_Power_Automate_for_desktop_2": [
                      "Succeeded"
                    ]
                  },
                  "metadata": {
                    "operationMetadataId": "248f9415-7d2c-457c-8eb6-fe63d71b3eed"
                  },
                  "type": "OpenApiConnection",
                  "inputs": {
                    "host": {
                      "connectionName": "shared_office365",
                      "operationId": "ReplyToV3",
                      "apiId": "/providers/Microsoft.PowerApps/apis/shared_office365"
                    },
                    "parameters": {
                      "messageId": "@triggerOutputs()?['body/id']",
                      "replyParameters/Body": "<p>Your invoice of amount Total value @{outputs('Extract_information_from_documents')?['body/responsev2/predictionOutput/labels/Total/value']} is approved.</p>",
                      "replyParameters/Subject": "Your invoice is approved"
                    },
                    "authentication": "@parameters('$authentication')"
                  }
                }
              },
              "runAfter": {
                "Post_a_choice_of_options_as_the_Flow_bot_to_a_user": [
                  "Succeeded"
                ]
              },
              "else": {
                "actions": {
                  "Reply_to_email_(V3)_2": {
                    "runAfter": {},
                    "metadata": {
                      "operationMetadataId": "b2dda6a8-9a07-481b-b153-b2f4729eab19"
                    },
                    "type": "OpenApiConnection",
                    "inputs": {
                      "host": {
                        "connectionName": "shared_office365",
                        "operationId": "ReplyToV3",
                        "apiId": "/providers/Microsoft.PowerApps/apis/shared_office365"
                      },
                      "parameters": {
                        "messageId": "@triggerOutputs()?['body/id']",
                        "replyParameters/Body": "<p>Your invoice of amount @{outputs('Extract_information_from_documents')?['body/responsev2/predictionOutput/labels/Total/value']} was rejected.</p>",
                        "replyParameters/Subject": "Your invoice is rejected"
                      },
                      "authentication": "@parameters('$authentication')"
                    }
                  }
                }
              },
              "expression": {
                "equals": [
                  "@outputs('Post_a_choice_of_options_as_the_Flow_bot_to_a_user')?['body/selectedOption']",
                  "Yes"
                ]
              },
              "metadata": {
                "operationMetadataId": "240fb020-929e-49aa-a4e8-960b563ca161"
              },
              "type": "If"
            }
          },
          "runAfter": {},
          "metadata": {
            "operationMetadataId": "8f4bf797-5c27-48db-bf78-b3ec106e0659"
          },
          "type": "Foreach"
        }
      }
    },
    "templateName": ""
  },
  "schemaVersion": "1.0.0.0"
}