{
  "properties": {
    "connectionReferences": {
      "shared_office365": {
        "runtimeSource": "embedded",
        "connection": {
          "connectionReferenceLogicalName": "cr27d_sharedoffice365_047ed"
        },
        "api": {
          "name": "shared_office365"
        }
      },
      "shared_uiflow_1": {
        "runtimeSource": "embedded",
        "connection": {
          "connectionReferenceLogicalName": "cr27d_shareduiflow_9eea6"
        },
        "api": {
          "name": "shared_uiflow"
        }
      }
    },
    "definition": {
      "$schema": "https://schema.management.azure.com/providers/Microsoft.Logic/schemas/2016-06-01/workflowdefinition.json#",
      "contentVersion": "1.0.0.0",
      "parameters": {
        "$connections": {
          "defaultValue": {},
          "type": "Object"
        },
        "$authentication": {
          "defaultValue": {},
          "type": "SecureObject"
        }
      },
      "triggers": {
        "When_a_new_email_arrives_(V3)": {
          "splitOn": "@triggerOutputs()?['body/value']",
          "metadata": {
            "operationMetadataId": "e62112db-f841-4976-ad99-a4ecb3c0fa3b"
          },
          "type": "OpenApiConnectionNotification",
          "inputs": {
            "host": {
              "connectionName": "shared_office365",
              "operationId": "OnNewEmailV3",
              "apiId": "/providers/Microsoft.PowerApps/apis/shared_office365"
            },
            "parameters": {
              "folderPath": "Inbox",
              "includeAttachments": true,
              "subjectFilter": "new invoice",
              "importance": "Any",
              "fetchOnlyWithAttachment": true
            },
            "authentication": "@parameters('$authentication')"
          }
        }
      },
      "actions": {
        "Run_a_flow_built_with_Power_Automate_for_desktop": {
          "runAfter": {},
          "metadata": {
            "operationMetadataId": "c5252fb4-5ea1-4c69-896e-84db02073085"
          },
          "type": "OpenApiConnection",
          "inputs": {
            "host": {
              "connectionName": "shared_uiflow_1",
              "operationId": "RunUIFlow_V2",
              "apiId": "/providers/Microsoft.PowerApps/apis/shared_uiflow"
            },
            "parameters": {
              "uiFlowId": "6dc7e569-19ed-40d8-92d4-9aa0a9ae4379",
              "runMode": "attended",
              "item/Amount": "$200",
              "item/Contact": "b.friday@wingtipcups.com",
              "item/Account": "WingTip Cups"
            },
            "authentication": "@parameters('$authentication')"
          }
        }
      }
    },
    "templateName": null
  },
  "schemaVersion": "1.0.0.0"
}