<ImportExportXml xmlns:xsi="http://www.w3.org/2001/XMLSchema-instance">
  <Entities></Entities>
  <Roles></Roles>
  <Workflows>
    <Workflow WorkflowId="{6dc7e569-19ed-40d8-92d4-9aa0a9ae4379}" Name="Enter an invoice">
      <JsonFileName>/Workflows/Enteraninvoice-6DC7E569-19ED-40D8-92D4-9AA0A9AE4379.json</JsonFileName>
      <Type>1</Type>
      <Subprocess>0</Subprocess>
      <Category>6</Category>
      <Mode>0</Mode>
      <Scope>4</Scope>
      <OnDemand>0</OnDemand>
      <TriggerOnCreate>0</TriggerOnCreate>
      <TriggerOnDelete>0</TriggerOnDelete>
      <AsyncAutodelete>0</AsyncAutodelete>
      <SyncWorkflowLogOnFailure>0</SyncWorkflowLogOnFailure>
      <StateCode>1</StateCode>
      <StatusCode>2</StatusCode>
      <RunAs>1</RunAs>
      <IsTransacted>1</IsTransacted>
      <IntroducedVersion>1.0</IntroducedVersion>
      <IsCustomizable>1</IsCustomizable>
      <BusinessProcessType>0</BusinessProcessType>
      <UIFlowType>2</UIFlowType>
      <IsCustomProcessingStepAllowedForOtherPublishers>1</IsCustomProcessingStepAllowedForOtherPublishers>
      <Metadata>{"isvalid":true,"schemaVersion":"ROBIN_20211012","containsActiveConnections":false}</Metadata>
      <Inputs>{"schema":null}</Inputs>
      <Outputs>{"schema":null}</Outputs>
      <Dependencies>{"childFlows":[]}</Dependencies>
      <ConnectionReferences>[]</ConnectionReferences>
      <Definition>"@@ConnectionString: ''\r\n@@Type: 'Local'\r\n@@DesktopType: 'local'\r\n@@DisplayName: 'Local computer'\r\nIMPORT 'controlRepo.appmask' AS appmask\r\nIMPORT 'imageRepo.imgrepo' AS imgrepo\r\n@SENSITIVE: []\r\nSystem.RunApplication.RunApplication ApplicationPath: $'''C:\\\\Program Files (x86)\\\\Contoso, Inc\\\\Contoso Invoicing\\\\LegacyInvoicingApp.exe''' WindowStyle: System.ProcessWindowStyle.Normal ProcessId=&gt; AppProcessId\r\n# Start of autogenerated actions using the recorder\r\n@@source: 'Recorder'\r\nUIAutomation.Click Element: appmask['Window \\'Contoso Invoicing\\'']['Text \\'Invoices\\''] ClickType: UIAutomation.ClickType.LeftClick OffsetX: -7 OffsetY: -1 MousePositionRelativeToElement: UIAutomation.RectangleEdgePoint.MiddleRight\r\n@@source: 'Recorder'\r\nUIAutomation.Click Element: appmask['Window \\'Contoso Invoicing\\'']['Image \\'Image\\''] ClickType: UIAutomation.ClickType.LeftClick OffsetX: 1 OffsetY: 4 MousePositionRelativeToElement: UIAutomation.RectangleEdgePoint.TopCenter\r\n@@source: 'Recorder'\r\nUIAutomation.Click Element: appmask['Window \\'Contoso Invoicing\\'']['Edit \\'TextBox\\''] ClickType: UIAutomation.ClickType.LeftClick OffsetX: -20 OffsetY: -1 MousePositionRelativeToElement: UIAutomation.RectangleEdgePoint.MiddleCenter\r\n@@source: 'Recorder'\r\nUIAutomation.PopulateTextField TextField: appmask['Window \\'Contoso Invoicing\\'']['Edit \\'TextBox\\' 2'] Text: 'WingTip Cups' Mode: UIAutomation.PopulateTextMode.Replace ClickType: UIAutomation.PopulateMouseClickType.SingleClick\r\n@@source: 'Recorder'\r\nUIAutomation.PopulateTextField TextField: appmask['Window \\'Contoso Invoicing\\'']['Edit \\'TextBox\\' 3'] Text: 'b.friday@wingtipcups.com' Mode: UIAutomation.PopulateTextMode.Replace ClickType: UIAutomation.PopulateMouseClickType.SingleClick\r\n@@source: 'Recorder'\r\nUIAutomation.PopulateTextField TextField: appmask['Window \\'Contoso Invoicing\\'']['Edit \\'TextBox\\' 4'] Text: '$500' Mode: UIAutomation.PopulateTextMode.Replace ClickType: UIAutomation.PopulateMouseClickType.SingleClick\r\n@@source: 'Recorder'\r\nUIAutomation.SetDropDownListValueInWindow.SetDropDownListValueByName DropDownList: appmask['Window \\'Contoso Invoicing\\'']['Combo Box \\'ComboBox\\''] OptionsNames: 'Invoiced'\r\n@@source: 'Recorder'\r\nUIAutomation.Click Element: appmask['Window \\'Contoso Invoicing\\'']['Image \\'Image\\' 2'] ClickType: UIAutomation.ClickType.LeftClick OffsetX: 1 OffsetY: -1 MousePositionRelativeToElement: UIAutomation.RectangleEdgePoint.MiddleCenter\r\n# End of autogenerated actions using the recorder\r\n"</Definition>
      <SchemaVersion>2022.06</SchemaVersion>
      <PrimaryEntity>none</PrimaryEntity>
      <LocalizedNames>
        <LocalizedName languagecode="1033" description="Enter an invoice" />
      </LocalizedNames>
    </Workflow>
  </Workflows>
  <FieldSecurityProfiles></FieldSecurityProfiles>
  <Templates />
  <EntityMaps />
  <EntityRelationships />
  <OrganizationSettings />
  <optionsets />
  <CustomControls />
  <EntityDataProviders />
  <Languages>
    <Language>1033</Language>
  </Languages>
</ImportExportXml>